0040,28in0804,9814d30e0506af141184,Ads0774,Binoculars0697,Description1188,Details1155,ID1174,Listed1161,Parts0699,Reply1230,Shotguns0838,Since0810,Sum1486,Tweet0990,dsturnerville0828,file_name,new1218,onto0834
Freedom Arms 454 Casull,yeowie1,No ad details found.,   Guns for Sale    Revolvers   Freedom Arms 454 Casull,Black Powder   Gun Parts and Accessories   Gun Storage   Guns for Sale   Gunsmithing Tools   Handgun Ammunition   Handgun Parts   Holsters   Laser Sights   Magazines   Misc   Night Vision   Optics   Part Kits   Pistols   Red Dot Sights   Reloading,"Freedom Arms 454 Casull,4 slice magna porting done,Pacymer grip, Leopold 4x scope. With custom leather holster.", No ad details found.,86650906216c058c,"October 30, 2012 11:35 pm",Revolvers   Rifle Ammunition   Rifle Parts   Rifle Scopes   Rifles   Rimfire   Shotgun Parts,Click here to cancel reply.,325,"January 6, 2014",2015,$ 1850,"on October 30, 2012",03273E3930D395746816180D077F6DE17464EA24881EBCEA37408C9DE58952CE.html,"div id=""respond",Revolvers
Buy Umarex XBG Air Pistols,gunsandsupply,No ad details found.,   Guns for Sale    Pistols   Buy Umarex XBG Air Pistols,Black Powder   Gun Parts and Accessories   Gun Storage   Guns for Sale   Gunsmithing Tools   Handgun Ammunition   Handgun Parts   Holsters   Laser Sights   Magazines   Misc   Night Vision   Optics   Part Kits,"If you are sport persons, hobby for hutting, shooting and camping you contact at 888-745-2080 and buy Umarex XBG Air Pistols from Midwest Shooting Sports and Supply LLC at affordable price.    For more information visit our website www.gunsandsupply.com", No ad details found.,6553d3851707441,"July 26, 2014 10:51 am",Pistols   Red Dot Sights   Reloading   Revolvers   Rifle Ammunition   Rifle Parts   Rifle Scopes   Rifles   Rimfire   Shotgun Parts,Click here to cancel reply.,300,"July 26, 2014",2015,25.82,"on July 26, 2014",1036E5A9CFB72BD8D4B7F98DFF8A2D78AD585B8034892D17096F7F78C9C69EF4.html,"div id=""respond",Pistols
Molle Plate Carrier With level IV Plates,eastsidepb,,      Misc      Molle Plate Carrier With level IV Plates,Black Powder   Gun Parts and Accessories   Gun Storage   Guns for Sale   Gunsmithing Tools   Handgun Ammunition   Handgun Parts   Holsters   Laser Sights   Magazines,Molle Plate Carrier With FOUR level IV Plates  WITH TWO EXTRA SIDE PLATE CARRIERS  Please Contact us at (954) 527-2508 or by email at EASTPB@BELLSOUTH.NET FOR ADDITIONAL PICTURES AND DETAILS OF THE ITEM. Florida resident must pay sales tax on any item sold. WE WOULD LIKE TO EARN A POSITIVE FEEDBACK AND REPEAT BUSINESS FROM YOU. THANK YOU AND HAVE A GREAT DAY,   Zip/Postal Code:  33316   City:  Fort Lauderdale   State:  Florida,36153a319be51ac0,"June 19, 2014 5:26 pm",Misc   Night Vision   Optics   Part Kits   Pistols   Red Dot Sights   Reloading   Revolvers   Rifle Ammunition   Rifle Parts   Rifle Scopes   Rifles   Rimfire   Shotgun Parts,Cancel Reply,603,"June 19, 2014",2015,699.99,"on June 19, 2014",10DDDF7BF34D55FA9BA85C45EDE23167AF1B7DBCCD8542958B973744BA793D61.html,"div id=""respond",Misc
DPMS AR15 Magpul Equipped Stock Handguard Grip,dealerinallguns,No ad details found.,   Guns for Sale    Rifles   DPMS AR15 Magpul Equipped Stock Handguard Grip,Black Powder   Gun Parts and Accessories   Gun Storage   Guns for Sale   Gunsmithing Tools   Handgun Ammunition   Handgun Parts   Holsters   Laser Sights   Magazines   Misc   Night Vision   Optics   Part Kits   Pistols   Red Dot Sights   Reloading   Revolvers   Rifle Ammunition   Rifle Parts   Rifle Scopes,"This Package Includes the Following:   Magpul MOE Stock   Magpul Plus Grip   Magpul Handguard   (1) 30rd Magazine from DPMS   (1) 30rd Magpul Magazine   16 Barrel, Collapsible Stock   ADD Flip UP Sights, Front/Rear for Additional $49   OR ADD UTG Red/Green Circle Dot Optic for $55", No ad details found.,1535387ae793f860,"May 29, 2014 10:08 pm",Rifles   Rimfire   Shotgun Parts,Click here to cancel reply.,592,"May 29, 2014",2015,700.00,"on May 29, 2014",1656F03B213A30E04146D7B083DC6AE271EE3EFAE8F2CF3F0D8C218EF5E876AF.html,"div id=""respond",Rifles
380 Auto FMJ NEW,wgp8435,No ad details found.,   Ammunition    Handgun Ammunition   380 Auto FMJ NEW,Black Powder   Gun Parts and Accessories   Gun Storage   Guns for Sale   Gunsmithing Tools,9 boxes of NEW Tula with steel casing. 50/rds per box. $77 ($8.50/per box) 210 367 0593, No ad details found.,1394eeb9a90b060a,"December 16, 2011 7:24 pm",Handgun Ammunition   Handgun Parts   Holsters   Laser Sights   Magazines   Misc   Night Vision   Optics   Part Kits   Pistols   Red Dot Sights   Reloading   Revolvers   Rifle Ammunition   Rifle Parts   Rifle Scopes   Rifles   Rimfire   Shotgun Parts,Click here to cancel reply.,75,"January 5, 2014",2015,$77 for 9 boxes,"on December 16, 2011",182B0F5E93A389D1330B56F009CAE10BF9742C53AB79A30B75FF2974A0EDD9A4.html,"div id=""respond",Handgun Ammunition
Blackhawk Serpa Concealment Sportster Holster 00,DravesArchery,No ad details found.,   Gun Parts and Accessories    Holsters   Blackhawk Serpa Concealment Sportster Holster 00,Black Powder   Gun Parts and Accessories   Gun Storage   Guns for Sale   Gunsmithing Tools   Handgun Ammunition   Handgun Parts,"Holds Glock 26/27/33    Developed for civillian concealed carry and range use, but still has great patented Serpa design   Traditional polymer material construction found in other injection molded holsters   Comes with Paddle Platform only", No ad details found.,9355344271fa6637,"April 8, 2014 4:46 pm",Holsters   Laser Sights   Magazines   Misc   Night Vision   Optics   Part Kits   Pistols   Red Dot Sights   Reloading   Revolvers   Rifle Ammunition   Rifle Parts   Rifle Scopes   Rifles   Rimfire   Shotgun Parts,Click here to cancel reply.,109,"April 8, 2014",2015,32.99,"on April 8, 2014",2F6EDF1A3179EA4D82B19E17A4BF1B39CB33BC828D13C38289137AF5B0A5D26E.html,"div id=""respond",Holsters
AR-15 COLT A-2 MODEL,constamaldo123,No ad details found.,   Guns for Sale    Rifles   AR-15 COLT A-2 MODEL,Black Powder   Gun Parts and Accessories   Gun Storage   Guns for Sale   Gunsmithing Tools   Handgun Ammunition   Handgun Parts   Holsters   Laser Sights   Magazines   Misc   Night Vision   Optics   Part Kits   Pistols   Red Dot Sights   Reloading   Revolvers   Rifle Ammunition   Rifle Parts   Rifle Scopes,AR-15 COLT A-2 MODEL GOVERMENT IN EXCELLENT COND.WORTH ABOUT $3000, No ad details found.,83850f05c7e47a64,"January 11, 2013 6:42 pm",Rifles   Rimfire   Shotgun Parts,Click here to cancel reply.,114,"January 5, 2014",2015,"2,000.00","on January 11, 2013",2FCC6B3C7ABCA0B50F39E43AD45EAA71A03D83DD14743A4875D17C0A53EB9440.html,"h2 class=""dotted"">No Responses to  AR-15 COLT A-2 MODEL                   J4  on  January 25, 2013 @ 5:12 am           Hey, seen you have posted this a few times. If you want to make a deal with more pics, stats, Id be more interested. Gonna be another 13 days before I get paid, but am very interested         Reply",Rifles
Ruger 10/22 carbine,grandewhit,No ad details found.,   Guns for Sale    Rifles   Ruger 10/22 carbine,Black Powder   Gun Parts and Accessories   Gun Storage   Guns for Sale   Gunsmithing Tools   Handgun Ammunition   Handgun Parts   Holsters   Laser Sights   Magazines   Misc   Night Vision   Optics   Part Kits   Pistols   Red Dot Sights   Reloading   Revolvers   Rifle Ammunition   Rifle Parts   Rifle Scopes,nice 10/22 wood stock blued steel junky scope with see thru mounts its about 20 yrs old but in great shape $185,   This item has been sold   No ad details found.,4234f821fd868afc,"April 8, 2012 11:36 pm",Rifles   Rimfire   Shotgun Parts,Click here to cancel reply.,106,"January 5, 2014",2015,185.00,"on April 8, 2012",35728A97E3369966FD148220212ECF3BC439E06AA3735A796282F7EC091845EE.html,"h2 class=""dotted"">No Responses to  Ruger 10/22 carbine                   Tim  on  April 15, 2012 @ 2:58 am           Do you still have the Ruger? If so, would you be available Sunday (tomorrow)? You can call my cell phone: 214-208-2163 (though I have very bad reception where I am) or a local number: 903-734-7496. Thanks.         Reply",Rifles
beretta 96a1,jordan23,No ad details found.,   Guns for Sale   beretta 96a1,Black Powder   Gun Parts and Accessories   Gun Storage,"I have a beretta 96a1 (40cal) with light rail,and comes with box,paperwork,locks,3-13rd mags. Gun has one clip down range. Also has hogue wraparound grips on it,and will include factory ones as well. Want to sell or trade let me know what you got-hk,glock etc. You can text me at 903-467-7793", No ad details found.,7064d7b99a66c1dd,"March 12, 2011 4:08 pm",Guns for Sale   Gunsmithing Tools   Handgun Ammunition   Handgun Parts   Holsters   Laser Sights   Magazines   Misc   Night Vision   Optics   Part Kits   Pistols   Red Dot Sights   Reloading   Revolvers   Rifle Ammunition   Rifle Parts   Rifle Scopes   Rifles   Rimfire   Shotgun Parts,Click here to cancel reply.,94,"January 5, 2014",2015,575.00,"on March 12, 2011",3E60F6332692B8A59F75B8734048092E989C5EA83935EECAD204A7AC7DFC33B5.html,"div id=""respond",Guns for Sale
Harris S-LM Bipod,tbone40x,,      Gun Parts and Accessories      Stocks and Grips      Harris S-LM Bipod,Black Powder   Gun Parts and Accessories   Gun Storage   Guns for Sale   Gunsmithing Tools   Handgun Ammunition   Handgun Parts   Holsters   Laser Sights   Magazines   Misc   Night Vision   Optics   Part Kits   Pistols   Red Dot Sights   Reloading   Revolvers   Rifle Ammunition   Rifle Parts   Rifle Scopes   Rifles   Rimfire   Shotgun Parts   Shotguns,"Harris S-LM Bipod Leg Notch Sling Swivel Stud Mount 9 to 13   Material:   •Aluminum Alloy with some Steel Parts  •Hard Rubber Leg Caps   Finish: Anodized Black   Weight: 14 ounces   Method of Attachment: Attaches to sling swivel stud.   Notes:  •Most suitable for shooting from a bench  •Popular among pistol shooters  •May not fit all guns; adapters available separately   Notes on Leg Extension Method   Leg Notch Models  •These are the models with LM or BRM in the designation  •These legs are spring loaded and when the release button is depresses, they kick out to maximum height   Swivel Models  •These are the models with S in the designation  •Hinged base has tension adjustment and buffer springs to eliminate tremor or looseness  •Available for all models except H models.",   This item has been sold     City:  Hutto   State:  Texas,5134f354731bdf5d,"February 10, 2012 4:53 pm",,Cancel Reply,114,"January 5, 2014",2015,75.00,"on February 10, 2012",41C72B5CDFA18071AB4ABB4B8AA480BDBDD175427E50CB460680CE159CC460CA.html,"div id=""respond",Stocks and Grips
weatherby 300 magnum /west germany mfg.,steven puelz,No ad details found.,   Guns for Sale    Rifles   weatherby 300 magnum /west germany mfg.,Black Powder   Gun Parts and Accessories   Gun Storage   Guns for Sale   Gunsmithing Tools   Handgun Ammunition   Handgun Parts   Holsters   Laser Sights   Magazines   Misc   Night Vision   Optics   Part Kits   Pistols   Red Dot Sights   Reloading   Revolvers   Rifle Ammunition   Rifle Parts   Rifle Scopes,"Beautiful,clean,no dents, weatherby 300 magnum with factory mounted scope,and additional bosh lomb. cutom made hard case and 169 rounds various ammo [boat tail,green tip and others] Gun has great bore,no rust or damage well cared for.min., rounds down range,just a beautiful west german made rifle. Dont pass this one upno jap rifle here!!", No ad details found.,4455234a9fc21e65,"September 14, 2013 6:33 pm",Rifles   Rimfire   Shotgun Parts,Click here to cancel reply.,190,"January 5, 2014",2015,"$1,3000","on September 14, 2013",43452DF61AB4937B93EF6E55034BBD42A180E0D3956B94174FDD3949EC6B9572.html,"div id=""respond",Rifles
KIMBER TEAM MATCH II 2013 45 ACP,dudu,,      Guns for Sale      Pistols      KIMBER TEAM MATCH II 2013 45 ACP,Black Powder   Gun Parts and Accessories   Gun Storage   Guns for Sale   Gunsmithing Tools   Handgun Ammunition   Handgun Parts   Holsters   Laser Sights   Magazines   Misc   Night Vision   Optics   Part Kits,Height (inches) 90° to barrel: 5.50  Weight (ounces) with empty magazine: 38  Length (inches): 8.7  Magazine capacity: 8  Magazine well  Ambidextrous thumb safety  Recoil spring (pounds): 16.0  Full-length guide rod.  Got this as a gift on my last birthday  please if you are interested email me or as soon as possible.. i ship to all state,   Zip/Postal Code:  85701   State:  Arizona,914558f7fc11cf28,"June 28, 2015 5:08 am",Pistols   Red Dot Sights   Reloading   Revolvers   Rifle Ammunition   Rifle Parts   Rifle Scopes   Rifles   Rimfire   Shotgun Parts,Cancel Reply,717,"June 28, 2015",2015,650.00,"on June 28, 2015",45EDB64C36453CAB6480DD66DEC851F0E51BF036624FE13CD11A33F0EFAC2F7F.html,"h2 class=""dotted"">4 Responses to  KIMBER TEAM MATCH II 2013 45 ACP                   Gunnerwest  on  July 4, 2015 @ 12:34 pm           Hi am really interested in your KIMBER TEAM pistol how much do you have it for sale.         Reply                       Gary  on  July 26, 2015 @ 4:14 pm           Interested. New York city.         Reply                       brian  on  August 26, 2015 @ 5:54 pm           do you still have gun? im interested.         Reply                       Barry Pegg  on  October 16, 2015 @ 7:52 am           Do you trade?         Reply",Pistols
Glock G26 9mm with two mags,jmatts,No ad details found.,   Guns for Sale    Pistols   Glock G26 9mm with two mags,Black Powder   Gun Parts and Accessories   Gun Storage   Guns for Sale   Gunsmithing Tools   Handgun Ammunition   Handgun Parts   Holsters   Laser Sights   Magazines   Misc   Night Vision   Optics   Part Kits,"My G26 is in perfect condition. Put a couple hundred rounds through it, but its like the AK of the pistol world, it will last forever.   Price is pretty firm, but I would do trade and cash for a AR-15.", No ad details found.,73450537c3440b73,"September 14, 2012 6:52 pm",Pistols   Red Dot Sights   Reloading   Revolvers   Rifle Ammunition   Rifle Parts   Rifle Scopes   Rifles   Rimfire   Shotgun Parts,Click here to cancel reply.,89,"January 5, 2014",2015,400.00,"on September 14, 2012",4AC3BE5673A47AFD1B965C41151D5ABD472948999DC484C9B3E2AE081460C0A6.html,"div id=""respond",Pistols
FNH 5.7 Semi-auto pistol HOLDS 20 rounds,jstought,No ad details found.,   Guns for Sale    Pistols   FNH 5.7 Semi-auto pistol HOLDS 20 rounds,Black Powder   Gun Parts and Accessories   Gun Storage   Guns for Sale   Gunsmithing Tools   Handgun Ammunition   Handgun Parts   Holsters   Laser Sights   Magazines   Misc   Night Vision   Optics   Part Kits,"OBAMA HATES THIS GUN!!!   This is the legendary FHN 5.7 pistol. This gun can easily go through soft body armor, it holds 20 rounds and is like having an assualt weapon in your hand. The rounds travel at a whooping 2400 FPS. Its super accurate and is just a great gun, I am suprise it is not more popular.   I need some cash, we can meet up or I can ship (I will only ship if you contact an FFL dealer in your town).", No ad details found.,62650409b5bf2e72,"August 31, 2012 11:14 am",Pistols   Red Dot Sights   Reloading   Revolvers   Rifle Ammunition   Rifle Parts   Rifle Scopes   Rifles   Rimfire   Shotgun Parts,Click here to cancel reply.,212,"January 5, 2014",2015,950 obo,"on August 31, 2012",4C1E57EEF1E75BA293D9DEAD75685FBCEBFC30FEE7A486E3A115D66FB17F065D.html,"h2 class=""dotted"">No Responses to  FNH 5.7 Semi-auto pistol HOLDS 20 rounds                   John  on  September 17, 2012 @ 11:18 pm           600$ ??         Reply                        Chris   on  October 27, 2012 @ 1:37 am           is fn 5.7 still for sale? are you the original owner? do you have the original box, paperwork, bill of sale? how many rounds through gun?         Reply                       Tom  on  November 28, 2012 @ 11:19 am           Is the gun still available? Also would you be willing to go to Houston for FTF?         Reply                       Ernesto  on  September 23, 2013 @ 7:00 pm           $750$ ??         Reply",Pistols
SMITH AND WESSON 6 PACK,jennyfaulkner,No ad details found.,   Guns for Sale    Pistols   SMITH AND WESSON 6 PACK,Black Powder   Gun Parts and Accessories   Gun Storage   Guns for Sale   Gunsmithing Tools   Handgun Ammunition   Handgun Parts   Holsters   Laser Sights   Magazines   Misc   Night Vision   Optics   Part Kits,4 BARRELS 2 4 6 8  2 GRIPS  SHOOTERS GRIP AND WESYERN GRIP  TOOLS AND GAUGES  AND BELT BUCKLE ALL IN A MOLDED CARRYING CASE, No ad details found.,984eb170ef50546,"November 2, 2011 4:42 pm",Pistols   Red Dot Sights   Reloading   Revolvers   Rifle Ammunition   Rifle Parts   Rifle Scopes   Rifles   Rimfire   Shotgun Parts,Click here to cancel reply.,114,"January 5, 2014",2015,$1000,"on November 2, 2011",59A51871D68937422E68BFD0BE1A06C91783F0C7B353EE8C99AD3A1B09A972C5.html,"h2 class=""dotted"">No Responses to  SMITH AND WESSON 6 PACK                   jennyfaulkner  on  November 2, 2011 @ 4:44 pm           I MEANT A DAN WESSON NOT SMITH AND WESSON         Reply                       Jay  on  October 19, 2012 @ 8:39 am           looking for a smith  wesson         Reply",Pistols
7mm Remington Mags  Winchester 243,772louis,,      Ammunition      Rifle Ammunition      7mm Remington Mags  Winchester 243,Black Powder   Gun Parts and Accessories   Gun Storage   Guns for Sale   Gunsmithing Tools   Handgun Ammunition   Handgun Parts   Holsters   Laser Sights   Magazines   Misc   Night Vision   Optics   Part Kits   Pistols   Red Dot Sights   Reloading   Revolvers,"I have a New Box of Winchester 7mm Remington Mags and a New Box of Winchester 243 Ballistic Silvertip 55 Gr.  Would like to trade for 45 ACPs, I also have 8 Boxes of Slug, and BuckShot *20 Gauge*",   Zip/Postal Code:  34951   State:  Florida,1205294a552ea32f,"November 26, 2013 1:53 pm",Rifle Ammunition   Rifle Parts   Rifle Scopes   Rifles   Rimfire   Shotgun Parts,Cancel Reply,431,"January 5, 2014",2015,TRADE,"on November 26, 2013",5E3AF635CCCE02A1D4E197D869120F8C670999BAC31C8C4B3E175FA72B3EC954.html,"div id=""respond",Rifle Ammunition
"Glock 17,18,19 for Sale",monlon,No ad details found.,"   Guns for Sale    Pistols   Glock 17,18,19 for Sale",Black Powder   Gun Parts and Accessories   Gun Storage   Guns for Sale   Gunsmithing Tools   Handgun Ammunition   Handgun Parts   Holsters   Laser Sights   Magazines   Misc   Night Vision   Optics   Part Kits,"sed worldwide by law enforcement, the Glock 17 9mm hand gun is one of the most popular models of Glock pistols. Constructed to the strict specifications of the master gunsmiths at the Glock factory, the Glock 17 9mm is superiorly accurate, durable and easy to use. This Glock 9mm also features:   • Glock “Safe Action” Trigger System  • Overall Length: 186mm/7.32”  • Overall Height: 138mm/5.43”  • Width: 30mm/1.18”  • Line of Sight: 165mm/6.49”  • Barrel Length: 114mm/4/49”  • Weight Unloaded/Loaded: 625g, 22.04oz/905g, 31.91oz  • Magazine Capacity Standard/Optional: 17/19, 33  • Trigger Pull: 2.5kg/5.5lbs   With its low weight but high capacity, the Glock 17 9mm hand gun is perfect for use as a concealed carry weapon, and the exclusive Glock “Safe Action” trigger system makes it quick and safe to use, even in high pressure situations. Superiorly reliable and high performance, the Glock 17 9mm hand gun is a great addition to any gun collection.", No ad details found.,6524ee01a0a652e8,"December 8, 2011 2:02 am",Pistols   Red Dot Sights   Reloading   Revolvers   Rifle Ammunition   Rifle Parts   Rifle Scopes   Rifles   Rimfire   Shotgun Parts,Click here to cancel reply.,308,"January 5, 2014",2015,550.00,"on December 8, 2011",5F88034818532B6E8B34E83C4C10C22FEA5DF5207991745E752424EEE93F3764.html,"h2 class=""dotted"">One Response to  Glock 17,18,19 for Sale                   Keith  on  June 11, 2012 @ 5:41 pm           open to trades, ive got a kahr 9mm pm worth 605.00         Reply",Pistols
M2 Browning 50 Cal Replica Machine gun,dinosaur,,      Guns for Sale      Rifles      M2 Browning 50 Cal Replica Machine gun,Black Powder   Gun Parts and Accessories   Gun Storage   Guns for Sale   Gunsmithing Tools   Handgun Ammunition   Handgun Parts   Holsters   Laser Sights   Magazines   Misc   Night Vision   Optics   Part Kits   Pistols   Red Dot Sights   Reloading   Revolvers   Rifle Ammunition   Rifle Parts   Rifle Scopes,"M2 Browning Replica machine gun, resin replica has no moving parts, can not fire for training, movie prop or collector, also have a all metal replica tripod for it, with the TE, the tripod is $495 extra, freight on the M2 is $35.00",   Zip/Postal Code:  76132   City:  Ft. Worth   State:  Texas,710538aa511920c7,"June 1, 2014 4:02 am",Rifles   Rimfire   Shotgun Parts,Cancel Reply,6098,"June 1, 2014",2015,370.00,"on June 1, 2014",60754EC111AD0B0FDC0CB1DEF0BAA4CE97563380DC38C9BBE0B3CEBA354A790D.html,"div id=""respond",Rifles
40 SW Once FIred NICKEL Brass,crownbullet,No ad details found.,   Ammunition    Reloading   40 SW Once FIred NICKEL Brass,Black Powder   Gun Parts and Accessories   Gun Storage   Guns for Sale   Gunsmithing Tools   Handgun Ammunition   Handgun Parts   Holsters   Laser Sights   Magazines   Misc   Night Vision   Optics   Part Kits   Pistols   Red Dot Sights,"40 SW Nickel Once Fired Pistol Brass 500 count  Deprimed, Cleaned and Polished  Mixed Head Stamp    Add $10.95 for shipping. All orders ship USPS flat rate and can be combined.   International Orders International orders must be done via email, please make sure to have Item#, description, quantity, your name, mailing address and email address to send money request listed in your email to us,Crown Bullet will send you a money request via paypal is the only forms of payment excepted for International Orders.  We will ship your order in the least expensive means possible Once payment is received we will mail out your order.  If purchasing any of our products it is your responsibility to know the laws of your country/ region.  Crown Bullet is not liable for orders not delivered/ returned due to customs regulations therefore our refund policy does not apply to International Orders.", No ad details found.,1514c81211005cc5,"June 22, 2011 3:43 am",Reloading   Revolvers   Rifle Ammunition   Rifle Parts   Rifle Scopes   Rifles   Rimfire   Shotgun Parts,Click here to cancel reply.,167,"January 5, 2014",2015,31.00,"on June 22, 2011",680333CCA50061BE59F5242EE828A7F5CACE3CC06C3D2F6A24F0BF1C0267DC88.html,"div id=""respond",Reloading
FN SCAR BLACK 17 17S 308,gd8943,No ad details found.,   Guns for Sale    Rifles   FN SCAR BLACK 17 17S 308,Black Powder   Gun Parts and Accessories   Gun Storage   Guns for Sale   Gunsmithing Tools   Handgun Ammunition   Handgun Parts   Holsters   Laser Sights   Magazines   Misc   Night Vision   Optics   Part Kits   Pistols   Red Dot Sights   Reloading   Revolvers   Rifle Ammunition   Rifle Parts   Rifle Scopes,"This is a New In Box and Never Fired SCAR 17 with all of the pictured accessories as follows: (1) 2x 20rd  Mags (2) IOR Valdada 2-1232 Scope with MP8 Illuminated Reticle (3) IOR Valdada Rings (4) Larue QD LT101 Mount (5) Tango Down adjustable bipod (6) 200 rds of Hornady 308 165gr Barrier TAP #80995 This red box Hornady ammo (with hologram labels) is very rare and it is currently only being sold to Law Enforcement Agencies. The IOR scope, rings, mount, and bipod are like new with no marks or scratches of any kind. The glass and illuminated reticle on the scope are perfect!!", No ad details found.,8505144fd48cc720,"March 16, 2013 11:18 pm",Rifles   Rimfire   Shotgun Parts,Click here to cancel reply.,173,"January 5, 2014",2015,$2300,"on March 16, 2013",6BBC3D7614FAD63BE0D96E5F2F6C8EC736021FD81F7B8CC51F75921039EB4EF5.html,"div id=""respond",Rifles
SW .357/.38special,mister-t,No ad details found.,   Guns for Sale    Pistols   SW .357/.38special,Black Powder   Gun Parts and Accessories   Gun Storage   Guns for Sale   Gunsmithing Tools   Handgun Ammunition   Handgun Parts   Holsters   Laser Sights   Magazines   Misc   Night Vision   Optics   Part Kits,"SW .357, it also takes .38 special. It is an older models, but beautiful gun! I would be willing to trade for a small .380 auto.", No ad details found.,257500fd58edba6a,"July 25, 2012 11:19 am",Pistols   Red Dot Sights   Reloading   Revolvers   Rifle Ammunition   Rifle Parts   Rifle Scopes   Rifles   Rimfire   Shotgun Parts,Click here to cancel reply.,275,"January 5, 2014",2015,SOLD,"on July 25, 2012",6FA6386C7C0E766CCDE426BFB3A609B2136F268C1DD1D11B3B0193E6DF62FB0B.html,"h2 class=""dotted"">No Responses to  SW .357/.38special                   Jim Eaves  on  July 25, 2012 @ 9:14 pm           I have CZ 83 380 cal. Looks good shoots great.Very  Very accurate pistol.  send e-mail and I will send pic and/or video of my gun if interested in trade.   I am located in Palestine,Tx.    Thanks ,  Jim  bigjim77@hotmail.com         Reply                       Kevin in Cypress (Fairfield)  on  July 25, 2012 @ 10:39 pm           Is this a SW Model 686, 6 shot revolver with 6 barrel? If so, I am interested.  Thanks,  Kevin         Reply                       Scott  on  July 25, 2012 @ 11:17 pm           I am a cash buyer. Let me know when we can meet.  Scott   smrosko@tyler.net          Reply                       Norm D  on  July 26, 2012 @ 12:04 am           Taurus 738 .380 with two magazines. New in 12/11.  Box, lock/keys/ OEM manual.  Photos are available  1960/290 area         Reply                       Adam Devine  on  July 26, 2012 @ 12:52 am           I would be interested in picking this up for cash or trading. I have a Bersa .380 that is virtually new in box, rubber grips fitted and factory wood grips as well. Only a couple of mags fired through. Or I have a Kel-Tec P3AT with which I would include additional cash. Im at Hot Wells shooting range during the day, or can meet you elsewhere in the evenings. Thanks.         Reply                       Jay  on  July 27, 2012 @ 7:53 am           cash buyer here too 290@ fairbanks hit me back thanks!!!!!         Reply",Pistols
SmithWesson Police Regulation,mikesmith,No ad details found.,   Guns for Sale    Revolvers   SmithWesson Police Regulation,Black Powder   Gun Parts and Accessories   Gun Storage   Guns for Sale   Gunsmithing Tools   Handgun Ammunition   Handgun Parts   Holsters   Laser Sights   Magazines   Misc   Night Vision   Optics   Part Kits   Pistols   Red Dot Sights   Reloading,"BOUGHT FROM AN ESTATE SALE. 1924 SmithWesson .32 caliber Regulation Police Auto Ejector in excellent shape. A few scratches on bottom of handle grip. I believe it to be nickle plated. Almost Like new condition. Mike,512-266-3084", No ad details found.,1304e74e3e6c626e,"September 17, 2011 6:53 pm",Revolvers   Rifle Ammunition   Rifle Parts   Rifle Scopes   Rifles   Rimfire   Shotgun Parts,Click here to cancel reply.,106,"January 5, 2014",2015,$600. obo,"on September 17, 2011",7A9B45C107459FD1A00866BC363F047EBEB6EFB37B111CD85090D7521CEE7D00.html,"div id=""respond",Revolvers
Bushmaster AR-15,projectvxn,No ad details found.,   Guns for Sale    Rifles   Bushmaster AR-15,Black Powder   Gun Parts and Accessories   Gun Storage   Guns for Sale   Gunsmithing Tools   Handgun Ammunition   Handgun Parts   Holsters   Laser Sights   Magazines   Misc   Night Vision   Optics   Part Kits   Pistols   Red Dot Sights   Reloading   Revolvers   Rifle Ammunition   Rifle Parts   Rifle Scopes,"Bushmaster XM15-E2S, 16in Standard Barrel, Removable Fore-grip, Red Dot Optic, Collapsible Stock, OD Green Matte Finish, 7 Tap-Co 30 Round Magazines (3 Black, 2 OD Green, 2 Tan) with Original Gun Case.   NV I.D. Required for Purchase.  800.00 OBO Buy Only no trades,need the money to move to my husbands Army Base.",   This item has been sold   No ad details found.,1224ff5e9b386c29,"July 5, 2012 7:42 pm",Rifles   Rimfire   Shotgun Parts,Click here to cancel reply.,199,"January 6, 2014",2015,800.00,"on July 5, 2012",8355D967CD0AAB580C8CC1D504EA7C35F79B129B572F04E1918D175C17B1EDCD.html,"h2 class=""dotted"">One Response to  Bushmaster AR-15                   russell  on  October 24, 2013 @ 4:20 am           I am interested. Please email me.         Reply",Rifles
1903 Springfield barrel dated 12-18,brokerark,No ad details found.,   Guns for Sale    Rifles   1903 Springfield barrel dated 12-18,Black Powder   Gun Parts and Accessories   Gun Storage   Guns for Sale   Gunsmithing Tools   Handgun Ammunition   Handgun Parts   Holsters   Laser Sights   Magazines   Misc   Night Vision   Optics   Part Kits   Pistols   Red Dot Sights   Reloading   Revolvers   Rifle Ammunition   Rifle Parts   Rifle Scopes,"1903 Springfield bolt action, barrel dated 12-18, parkerized, excellent condition, $1000 479-414-5871 please no texting.", No ad details found.,600503d679325caa,"August 29, 2012 12:54 am",Rifles   Rimfire   Shotgun Parts,Click here to cancel reply.,195,"January 5, 2014",2015,"1,000.00","on August 29, 2012",85178FFCD3B7A0369280DDF36852ECC9290D2696AA4D627D2A412DEDE54E32B4.html,"div id=""respond",Rifles
FN HERSTAL SCAR 17S .308/7.62×51,clarkaltd,,      Ammunition      Rifle Ammunition      FN HERSTAL SCAR 17S .308/7.62×51,Black Powder   Gun Parts and Accessories   Gun Storage   Guns for Sale   Gunsmithing Tools   Handgun Ammunition   Handgun Parts   Holsters   Laser Sights   Magazines   Misc   Night Vision   Optics   Part Kits   Pistols   Red Dot Sights   Reloading   Revolvers,"BRAND NEW In Box FN HERSTAL SCAR 17S .308/7.6251 NATO Caliber with 20 round FNH SCAR Magazine. This is a Gas-operated short-stroke piston system 16.25 Interchangeable free floating, cold hammer-forged MIL-SPEC barrel w/hard-chromed bore  birdcage-style muzzle break. It has fully-ambidextrous operating controls, Folding adjustable rear sight  folding hooded front sight. Multiple rails. Side-folding polymer stock instantly adjusts for cheek rest height  length of stock.",   Zip/Postal Code:  77033   City:  Houston   State:  Texas,2145314dd1bd325d,"March 3, 2014 7:55 pm",Rifle Ammunition   Rifle Parts   Rifle Scopes   Rifles   Rimfire   Shotgun Parts,Cancel Reply,560,"March 3, 2014",2015,"1,599.00","on March 3, 2014",8E6CD0193A3D71FB25E3117948DD0A226ADED645AC528A3024A9DD946100917C.html,"div id=""respond",Rifle Ammunition
"PMAG® 30, 5.56X45 MAGAZINE – AR15/M16",info@abqguns.com,,"      Gun Parts and Accessories      Magazines      PMAG® 30, 5.56X45 MAGAZINE – AR15/M16",Black Powder   Gun Parts and Accessories   Gun Storage   Guns for Sale   Gunsmithing Tools   Handgun Ammunition   Handgun Parts   Holsters   Laser Sights,"The PMAG is a 30-round 5.5645 NATO (.223 Remington) AR15/M16 compatible magazine. It features an advanced impact resistant polymer construction, a pop-off Impact/Dust Cover for storage, and an easy to disassemble design with a flared floorplate for positive magazine extraction from pouches. The PMAG 30 utilizes a resilient stainless steel spring for corrosion resistance and a anti-tilt, self-lubricating follower for increased reliability.   This current revision has been updated with a new body ribbing design which allows for better compatibility with aftermarket mag couplers, a new follower which provides even smoother loading with military stripper clips, and the Impact/Dust Cover can now be snapped onto the floorplate when not in use to prevent possible loss.   Made in U.S.A.   Features  Impact and crush resistant polymer construction  Constant-curve internal geometry for smooth feeding  Anti-tilt, self-lubricating follower for increased reliability  Multi-use Impact/Dust Cover keeps dust and dirt out of the magazine during storage and protects the feedlips from potential hard impact damage during transit  USGI-spec stainless steel spring for corrosion resistance and field compatibility  Textured gripping surface and flared floorplate for positive magazine handling and easy disassembly",   Zip/Postal Code:  87114   City:  ALBUQUERQUE   State:  New Mexico,603502e7efa1cbf9,"August 17, 2012 5:34 pm",Magazines   Misc   Night Vision   Optics   Part Kits   Pistols   Red Dot Sights   Reloading   Revolvers   Rifle Ammunition   Rifle Parts   Rifle Scopes   Rifles   Rimfire   Shotgun Parts,Cancel Reply,179,"January 6, 2014",2015,13.50,"on August 17, 2012",8EDC17A2F94C92920B8961454C1CB276785833CD16A7F34A44BA0800BD2AAF4D.html,"div id=""respond",Magazines
Ruger Blackhawk,alvie804,No ad details found.,   Guns for Sale    Pistols   Ruger Blackhawk,Black Powder   Gun Parts and Accessories   Gun Storage   Guns for Sale   Gunsmithing Tools   Handgun Ammunition   Handgun Parts   Holsters   Laser Sights   Magazines   Misc   Night Vision   Optics   Part Kits,"SS, 357 mag, trigger job", No ad details found.,7895243682b69bf4,"September 25, 2013 10:50 pm",Pistols   Red Dot Sights   Reloading   Revolvers   Rifle Ammunition   Rifle Parts   Rifle Scopes   Rifles   Rimfire   Shotgun Parts,Click here to cancel reply.,230,"January 5, 2014",2015,$475,"on September 25, 2013",99359093F4827704A7507D1BB1654CE88C5CE023AD0ABC962AB94319C0643AA9.html,"div id=""respond",Pistols
"Remington 700 30/06, 5 boxes premium ammo",jpop100,No ad details found.,"   Guns for Sale    Rifles   Remington 700 30/06, 5 boxes premium ammo",Black Powder   Gun Parts and Accessories   Gun Storage   Guns for Sale   Gunsmithing Tools   Handgun Ammunition   Handgun Parts   Holsters   Laser Sights   Magazines   Misc   Night Vision   Optics   Part Kits   Pistols   Red Dot Sights   Reloading   Revolvers   Rifle Ammunition   Rifle Parts   Rifle Scopes,"Remington 700 30/06, with five boxes of premium ammo, sling, 39 scope and padded case",   This item has been sold   No ad details found.,27453f66b62674d9,"August 21, 2014 10:04 pm",Rifles   Rimfire   Shotgun Parts,Click here to cancel reply.,290,"August 21, 2014",2015,605.00,"on August 21, 2014",9D435F6870AA144D4E7812511C4DA7D6CC5747D36BFC46EE3212A9243098E520.html,"div id=""respond",Rifles
Black Rain 5.56/.233 AR-15,blanderson32,,      Guns for Sale      Rifles      Black Rain 5.56/.233 AR-15,Black Powder   Gun Parts and Accessories   Gun Storage   Guns for Sale   Gunsmithing Tools   Handgun Ammunition   Handgun Parts   Holsters   Laser Sights   Magazines   Misc   Night Vision   Optics   Part Kits   Pistols   Red Dot Sights   Reloading   Revolvers   Rifle Ammunition   Rifle Parts   Rifle Scopes,"This AR has all the bells and whistles you will need to handle medium and short range targets. Close Quarters Battle included. It has Nickel Boron receiver, heavy 16” barrel, front barrel grip, All Mag-Pull components. Flashlight, Green dot laser, ACOG (type) scope (600 yd range). Red dot optics mounted on top. Flip up iron sights, Collapsible brace legs as well. Improved compensator, forward assist is augmented through trigger guard. Single point sling and soft case come with it. There is nothing you need to add Price is negotiable. This machine has never Jammed on me…ever.",   Zip/Postal Code:  37075   City:  Nashville   State:  Tennessee,2756166a31c6084,"October 8, 2015 1:06 pm",Rifles   Rimfire   Shotgun Parts,Cancel Reply,142,"October 7, 2015",2015,"2,500.00","on October 8, 2015",A1E49510D3FEE785C9C8574EE14B64871BCAF4E3548DE67D072FF51EF557DA67.html,"div id=""respond",Rifles
Heritage Rough Rider,joedog,No ad details found.,   Guns for Sale    Revolvers   Heritage Rough Rider,Black Powder   Gun Parts and Accessories   Gun Storage   Guns for Sale   Gunsmithing Tools   Handgun Ammunition   Handgun Parts   Holsters   Laser Sights   Magazines   Misc   Night Vision   Optics   Part Kits   Pistols   Red Dot Sights   Reloading,"22 single six with box and cheap holster, only a couple months old. Looks new shoots great.", No ad details found.,1305131d2452c9b5,"March 2, 2013 10:23 am",Revolvers   Rifle Ammunition   Rifle Parts   Rifle Scopes   Rifles   Rimfire   Shotgun Parts,Click here to cancel reply.,289,"January 6, 2014",2015,$175.00,"on March 2, 2013",B0428E8B25E0BE47208266D012832614A3A425F225878526F7E1FD83DC93AB33.html,"div id=""respond",Revolvers
Remington M51 .380 cal. Collector Quality Investment Grade,gunadmirer007,No ad details found.,   Guns for Sale    Pistols   Remington M51 .380 cal. Collector Quality Investment Grade,Black Powder   Gun Parts and Accessories   Gun Storage   Guns for Sale   Gunsmithing Tools   Handgun Ammunition   Handgun Parts   Holsters   Laser Sights   Magazines   Misc   Night Vision   Optics   Part Kits,"This is by far one of the finest condition Remington Model 51 pistols that I have seen. This gun obviously spent the vast majority of its career in a dresser drawer right here just a few miles from the Remington Arms Ilion, NY plant. This gun shows virtually no use with approx. 98-99% of original factory blue. VERY slight thinning at the muzzle and a few light hairline scratches which show well in the pics. Very few pinprick oxidation spots on the underside. The original factory hard rubber grips remain as new. This consignment piece is priced for immediate sale. A very hard Remington Model 51 to improve on. If interested contact thecaretaker63@aol.com only serious contacts with cash.", No ad details found.,34535c6feca299d,"April 27, 2014 2:55 am",Pistols   Red Dot Sights   Reloading   Revolvers   Rifle Ammunition   Rifle Parts   Rifle Scopes   Rifles   Rimfire   Shotgun Parts,Click here to cancel reply.,690,"April 26, 2014",2015,650.00,"on April 27, 2014",C013B22FAEBB99F3B52BCC7E981E304E4C06C796BE5759E5A11CD68530E1E232.html,"h2 class=""dotted"">One Response to  Remington M51 .380 cal. Collector Quality Investment Grade                   Tony Hall  on  May 22, 2014 @ 5:10 pm           Please contact me regarding your Remington 51         Reply",Pistols
Stripped Aero Precision Lower for a AR-15,dylmararms,No ad details found.,   Guns for Sale    Rifles   Stripped Aero Precision Lower for a AR-15,Black Powder   Gun Parts and Accessories   Gun Storage   Guns for Sale   Gunsmithing Tools   Handgun Ammunition   Handgun Parts   Holsters   Laser Sights   Magazines   Misc   Night Vision   Optics   Part Kits   Pistols   Red Dot Sights   Reloading   Revolvers   Rifle Ammunition   Rifle Parts   Rifle Scopes,"New in Box, Aero Precision AR-15 Stripped Lower. Only have 2 left get this item while you can.    Michael  972-372-4867  DylmarArms@gmail.com", No ad details found.,1055126423a39c71,"February 21, 2013 3:55 pm",Rifles   Rimfire   Shotgun Parts,Click here to cancel reply.,446,"January 5, 2014",2015,275.00,"on February 21, 2013",C31E4472DBDD8180DCADCB864C1223434840A8F4DD1DDC0BC1B03A280E7C952F.html,"div id=""respond",Rifles
WTT/WTS SAIGA 7.62 Converted AK47 W/ Hogue Grip,twanki2s,No ad details found.,   Guns for Sale    Rifles   WTT/WTS SAIGA 7.62 Converted AK47 W/ Hogue Grip,Black Powder   Gun Parts and Accessories   Gun Storage   Guns for Sale   Gunsmithing Tools   Handgun Ammunition   Handgun Parts   Holsters   Laser Sights   Magazines   Misc   Night Vision   Optics   Part Kits   Pistols   Red Dot Sights   Reloading   Revolvers   Rifle Ammunition   Rifle Parts   Rifle Scopes,SAIGA 7.6239 Converted AK 47  Like New Condition  Has TAPCO G2 Trigger  Hogue Grip  Also Takes Standard AK 47 Mags  Comes With  2 30 Rnd Mags  160 FMJS  WANT TO TRADE FOR HANDGUNS  OR OTHER TACTICAL RIFLES, No ad details found.,1104e723ee10b8f2,"September 15, 2011 6:09 pm",Rifles   Rimfire   Shotgun Parts,Click here to cancel reply.,114,"January 5, 2014",2015,$800,"on September 15, 2011",CDEA3107E91C367329B233B96F848215C96A1303AF1C328298FABAD7AF5E2E22.html,"h2 class=""dotted"">One Response to  WTT/WTS SAIGA 7.62 Converted AK47 W/ Hogue Grip                   red56  on  August 10, 2012 @ 5:33 pm           Do you still have this rifle up for sale ??         Reply",Rifles
BlackHawk Level 2 SERPA Holster Right Hand Black Sig 220/226/228/229,red56,No ad details found.,   Gun Parts and Accessories    Holsters   BlackHawk Level 2 SERPA Holster Right Hand Black Sig 220/226/228/229,Black Powder   Gun Parts and Accessories   Gun Storage   Guns for Sale   Gunsmithing Tools   Handgun Ammunition   Handgun Parts,"I have these listed on Ebay for $39.99 plus 4.99 shipping each, just type in 44H006BK-R and do a search, my seller name is bczernuch.    Up for sale a brand new OEM BlackHawk Level 2 SERPA Duty Belt Holster Right Hand Black Sig 220/226/228/229w/ Or W/o Rails Carbon Fiber 44H006BK-R.    When extreme duty calls, make sure youre wearing a BlackHawk SERPA Level 2 Auto Lock Duty Holster! Gives both the tactical and patrol officer SERPAs retention and speed in a Duty Holster! Whether its worn as a part of your duty rig, or as a belt mounted holster for tactical use, you get the same great SERPA system, now in a duty Holster.    Blackhawk was founded in 1993 by former Navy SEAL Mike Noell. BlackHawks meticulous obsession with quality has made it the ops gear of choice for Special Operation units worldwide.    Level 2 Duty SERPA Holster. Based on the popular Tactical SERPA Holster, this jacket slot belt loop version gives both the tactical and patrol officer the SERPAs retention and speed in a duty sytle holster. Whether worn as a part of your duty rig or as a belt mounted holster for tactical use, you get the same great SERPA system but in a duty holster.    Patented 5,918,784 and other patents pending    Based on the popular SERPA Tactical Holster, this jacket-slot belt-loop version gives both the tactical operative and patrol officer the option of SERPA’s retention and speed in a duty-style holster. Whether worn as part of your duty rig or as a belt-mounted holster for tactical use, you get the same great SERPA technology with this Level 2 duty holster.    Features:    • Made In: U.S.A.    • Jacket slot belt loop version gives both the tactical and patrol officer the option of the SERPAs retention and speed in a duty style holster.    • Based on the CQC serpa holster    • Built with a jacket slot belt loop    • Cut down body and tapered trailing edge aid in concealment    • Tension adjustable detent (presses on the firearms trigger guard) allows a selectable level of retention    • Front cut allows for fast draw and re-holstering    • Holster comes with both a belt loop and a paddle platform    • Belt loop is adjustable for angle and rake, may be used for cross-draw, adjusts for belt width, adjusts for ride height.    • Paddle has adjustable rake angle for all carry locations, has retention hooks that ride under the waistband for security, but can still be removed without unfastening the pants belt. •    All of the CQC holsters are made from a carbon-fiber composite material. If Carbon Fiber is listed in the description, it means that the front half of the holster on the outside surface has a carbon fiber appearance (the fibers are visible). Holsters that are listed as Black only are the same composite material but have a solid matte non-reflective finish.    • Serpa holster has a lock that engages the trigger guard. The release is made during a normal drawing motion with the trigger finger hitting the lock on the outside of the holster body. Allows full firing grip for draw and immediate retention on reholstering.    • Passive retention detent adjustment screw and SERPA® Auto Lock™ release    • Reinforces full master grip and superior draw technique    • Immediate retention and audible click upon re-holster for security    • Full-length holster body protects rear sights    • Reduced gun profile supports communityfriendly look • Same drawing technique for undercover, tactical, and duty    • Includes angle-adjustable jacket-slot belt loop • Mid-ride and high-ride belt loops also available", No ad details found.,215501eba2ad83bb,"August 5, 2012 6:30 pm",Holsters   Laser Sights   Magazines   Misc   Night Vision   Optics   Part Kits   Pistols   Red Dot Sights   Reloading   Revolvers   Rifle Ammunition   Rifle Parts   Rifle Scopes   Rifles   Rimfire   Shotgun Parts,Click here to cancel reply.,153,"January 5, 2014",2015,39.99,"on August 5, 2012",D084AD155E4E7BC77E61D8A3004DA39F0E8B34A598EC6FE141B61F4E8212BEFF.html,"div id=""respond",Holsters
PROCHINE AK47S PREBAN VERY RARE,southflaguns,No ad details found.,   Guns for Sale    Rifles   PROCHINE AK47S PREBAN VERY RARE,Black Powder   Gun Parts and Accessories   Gun Storage   Guns for Sale   Gunsmithing Tools   Handgun Ammunition   Handgun Parts   Holsters   Laser Sights   Magazines   Misc   Night Vision   Optics   Part Kits   Pistols   Red Dot Sights   Reloading   Revolvers   Rifle Ammunition   Rifle Parts   Rifle Scopes,"THIS IS A BEAUTIFUL,EXCELLENT CONDITION RARE PREBAN CHINESE UNDERFOLDER.IT IS A RARE PROCHINE CORP. AK47S.THE BLUEING IS RICH DEEP BLUE.ALL OF THE PARTS ARE ORIGINAL AND MATCHING TO THE RIFLE.THE BLUEING IS ORIGINAL AND IN GREAT SHAPE.THE BORE IS EXCELLENT,BRIGHT AND SHINY.THE INSIDE OF THE RECEIVER LOOKS ALMOST NEW.IT HAS A THREADED BARREL AND BAYONET LUG.COMES WITH 3 CHINESE 30ROUND MAGAZINES AND 3 40 ROUND MAGAZINES.BAYONET,OIL CAN,CLEANING TOOL,MILITARY SLING-ALL IN THE ORIGINAL BOX.I WILL INCLUDE 1 75 ROUND PREBAN CHINESE MILITARY DRUM -NEW IN WRAPPER.I WILL ALSO INCLUDE AN EXTENSIVE AND ORIGINAL SPARE PARTS SET-WITH OVER 30 PARTS.ALSO WILL INCLUDE A CHINESE MILITARY AK47 CHEST VEST AND A DRUM CARRIER.THIS IS A RARE COLLECTORS PACKAGE AT A GREAT PRICE.WILL EMAIL DETAILED PICTURES TO SERIOUS BUYERS.IF YOU HAVE ANY QUESTIONS PLEASE CALL 305-733-4719", No ad details found.,3154e582727b4890,"August 26, 2011 11:33 pm",Rifles   Rimfire   Shotgun Parts,Click here to cancel reply.,262,"January 5, 2014",2015,"1,600.00","on August 26, 2011",D17CECC160074E44EB1794F25A9EFEF23116CF60F7D9B101A0BAFF5C059CBA83.html,"div id=""respond",Rifles
Colt Python 8 Nickel New In Box Unfired,arizonashooter,No ad details found.,   Guns for Sale    Revolvers   Colt Python 8 Nickel New In Box Unfired,Black Powder   Gun Parts and Accessories   Gun Storage   Guns for Sale   Gunsmithing Tools   Handgun Ammunition   Handgun Parts   Holsters   Laser Sights   Magazines   Misc   Night Vision   Optics   Part Kits   Pistols   Red Dot Sights   Reloading,"Unfired 8 Nickel Colt Python. Comes with original box(label flap is torn off and lost) and manual. Asking $1850 ***(FIRM)****. Please no trade offers, this is a cash only sell and lowball offers will not be responded to. Thanks", No ad details found.,2264fe07dfe5acaa,"June 19, 2012 1:32 pm",Revolvers   Rifle Ammunition   Rifle Parts   Rifle Scopes   Rifles   Rimfire   Shotgun Parts,Click here to cancel reply.,350,"January 5, 2014",2015,"1,850.00","on June 19, 2012",D1CA071FDFB29360D0DB0A1BC9F8B68E715510EB5FE862B284147B6CBB95E331.html,"h2 class=""dotted"">3 Responses to  Colt Python 8 Nickel New In Box Unfired                   Michael Fleck  on  July 2, 2012 @ 2:35 am           I would like to buy your Colt .357 Magnum revolver with 8 barrel and nickel finish. What year is the gun? Is it a genuine nickel finish or later ultimate steel model? Email is the best way to contact me. Thanks!         Reply                       george smith  on  September 7, 2012 @ 11:49 pm           hello, I could pay the 1850, do you still have this one?   thanks  george  501-993-8242         Reply                           Mike myers  on  September 22, 2012 @ 12:15 am           Is this gun available?  Thanks.  Mike Myers  Lake Mary, Fl.         Reply",Revolvers
Chinese Type 53 Carbine,ronaldbparks,No ad details found.,   Guns for Sale    Rifles   Chinese Type 53 Carbine,Black Powder   Gun Parts and Accessories   Gun Storage   Guns for Sale   Gunsmithing Tools   Handgun Ammunition   Handgun Parts   Holsters   Laser Sights   Magazines   Misc   Night Vision   Optics   Part Kits   Pistols   Red Dot Sights   Reloading   Revolvers   Rifle Ammunition   Rifle Parts   Rifle Scopes,"For sale a Chinese Type 53 Carbine, similar to the Mosin Nagant M44, in 7.62 x 54 R. Very nice bore, receiver, magazine and butt plate numbers match, the bolt serial number does not match. Great shooting rifle. Cleaned, no sticky bolt problem.", No ad details found.,48552af8a71270a3,"December 16, 2013 11:27 pm",Rifles   Rimfire   Shotgun Parts,Click here to cancel reply.,1002,"January 6, 2014",2015,200.00,"on December 16, 2013",D374775874A3A88B20E1DF84ACE3D165FB689E7843293E8DBDD939E788FBD4F8.html,"div id=""respond",Rifles
FN Herstal FS2000 OD Green,mmkk126,,      Guns for Sale      Rifles      FN Herstal FS2000 OD Green,Black Powder   Gun Parts and Accessories   Gun Storage   Guns for Sale   Gunsmithing Tools   Handgun Ammunition   Handgun Parts   Holsters   Laser Sights   Magazines   Misc   Night Vision   Optics   Part Kits   Pistols   Red Dot Sights   Reloading   Revolvers   Rifle Ammunition   Rifle Parts   Rifle Scopes,Manufacturer: FNH USA  Model: FS2000  Caliber: 5.56mm NATO  Barrel Length: 17 inch  Capacity: 30-39,   State:  Texas,5765374b60684d7a,"May 15, 2014 12:46 pm",Rifles   Rimfire   Shotgun Parts,Cancel Reply,255,"May 15, 2014",2015,"1,500.00","on May 15, 2014",D38322008B21E268C8C05110C829312D321682F315F206CA4B6E2AC15ABB3CAF.html,"div id=""respond",Rifles
Glock22+extras for sale or trade,famouscands,No ad details found.,   Guns for Sale    Pistols   Glock22+extras for sale or trade,Black Powder   Gun Parts and Accessories   Gun Storage   Guns for Sale   Gunsmithing Tools   Handgun Ammunition   Handgun Parts   Holsters   Laser Sights   Magazines   Misc   Night Vision   Optics   Part Kits,Glock 22 with extended mag release  2 15rd magazines  250 rounds of fmj  50 rounds of jhp   Gun and magazines will sell separate for $400. All of it for $500. Open to trade offers for stainless revolvers or semi-auto pistols in .45acp or 9mm. May add cash on my end for 1911s. Trade value $600. Make offers. Worst that can happen is I say no., No ad details found.,52550e3694976334,"January 1, 2013 11:03 pm",Pistols   Red Dot Sights   Reloading   Revolvers   Rifle Ammunition   Rifle Parts   Rifle Scopes   Rifles   Rimfire   Shotgun Parts,Click here to cancel reply.,195,"January 5, 2014",2015,$500,"on January 1, 2013",DA0B6385204EB86D6EC26006453FE94A3501AF5A82B621345665146F64245404.html,"h2 class=""dotted"">No Responses to  Glock22+extras for sale or trade                    brittany mcmanua   on  January 21, 2013 @ 2:38 am           I am interested. Can you please email me at  brittmcmanus@hotmail.com          Reply                       Chuck Wilson  on  May 4, 2013 @ 2:32 am           Is the glock still available. I have a benelli nove 3 1/2 mag in came if your interested.         Reply",Pistols
DECAP DIE .27-.45 CAL-HEAVY DUTY,DravesArchery,,      Gun Parts and Accessories      Gunsmithing Tools      DECAP DIE .27-.45 CAL-HEAVY DUTY,Black Powder   Gun Parts and Accessories   Gun Storage   Guns for Sale,.27 caliber and larger cases. Ideal for depriming military 7.62 cases with staked/crimped primer pockets.,   Zip/Postal Code:  62401   City:  Effingham   State:  Illinois,24553443c0aecb8a,"April 8, 2014 6:13 pm",Gunsmithing Tools   Handgun Ammunition   Handgun Parts   Holsters   Laser Sights   Magazines   Misc   Night Vision   Optics   Part Kits   Pistols   Red Dot Sights   Reloading   Revolvers   Rifle Ammunition   Rifle Parts   Rifle Scopes   Rifles   Rimfire   Shotgun Parts,Cancel Reply,217,"April 8, 2014",2015,21.95,"on April 8, 2014",F7FEDAA3E1E555C70DAFC84F36EA3DB2F47DBD82D3295CFA48880A994866A1E8.html,"div id=""respond",Gunsmithing Tools
45 ACP Cast Bullet RN BB 500 count,crownbullet,No ad details found.,   Ammunition    Reloading   45 ACP Cast Bullet RN BB 500 count,Black Powder   Gun Parts and Accessories   Gun Storage   Guns for Sale   Gunsmithing Tools   Handgun Ammunition   Handgun Parts   Holsters   Laser Sights   Magazines   Misc   Night Vision   Optics   Part Kits   Pistols   Red Dot Sights,"45 ACP 500 count  452 Diameter 200 Grain  Round Nose Beveled Base    Add $10.95 for shipping, orders are shipped USPS flat rate and can be combined", No ad details found.,5394c81221bf0a1b,"June 22, 2011 3:44 am",Reloading   Revolvers   Rifle Ammunition   Rifle Parts   Rifle Scopes   Rifles   Rimfire   Shotgun Parts,Click here to cancel reply.,84,"January 5, 2014",2015,38.00,"on June 22, 2011",FA410CC6463A32273C0245E32CCE7150B629A608C1874710749EE0F74EACF9C1.html,"div id=""respond",Reloading
Browning Belgium Auto 22 Takedown,bjargyle,No ad details found.,   Guns for Sale    Rifles   Browning Belgium Auto 22 Takedown,Black Powder   Gun Parts and Accessories   Gun Storage   Guns for Sale   Gunsmithing Tools   Handgun Ammunition   Handgun Parts   Holsters   Laser Sights   Magazines   Misc   Night Vision   Optics   Part Kits   Pistols   Red Dot Sights   Reloading   Revolvers   Rifle Ammunition   Rifle Parts   Rifle Scopes,"This is one of the greatest .22 rifles ever made. Below is the description from Browning. These rifles that were produced in Belgium, vs Japan, have become highly collectible. Based upon condition and grade, these commonly sell for 700 to several thousands of dollars. This rifle has been well maintained, and only shows very minor signs of wear and age. The takedown mechanism is tight, and locks well for accuracy. This is a great shooting, fun rifle. I have more pictures, if you are interested.    Browning Description  Auto 22  Semi-Auto-22. A living tribute to the genius of Browning.  Few autoloading rimfire rifles have endured the test of time and the marketplace like the Browning SA-22. It stands alone as one of the first autoloading rimfires, and one the most desirable rifles ever made. The SA-22 was one of the last of John M. Browning’s designs, and his genius shines through in every feature. The slim, stylish forged steel receiver and slender barrel takes down into two compact units without tools. The SA-22’s tasteful engraving and select walnut make it an object of lasting beauty and enjoyment. Surely these rifles are meant to be enjoyed in the field as much as they are admired as heirlooms.    Action  Takedown autoloader with bottom ejection. Gun is 21 long when taken down.    Receiver  Engraved with scroll design and a polished, blued finish.    Sights  Bead front. Adjustable, folding leaf rear.   Barrel  Drilled and tapped to accept a scope mount.   Safety  Manual trigger-blocking, mounted on trigger guard.   Magazine  Tubular. Capacity: 10 Long Rifles. Feeds through hole in stock.   Stock and Forearm  Select American walnut. Checkered with polished finish.", No ad details found.,8844eaae9e528544,"October 28, 2011 6:23 pm",Rifles   Rimfire   Shotgun Parts,Click here to cancel reply.,281,"January 5, 2014",2015,$750,"on October 28, 2011",FC2C98A93B1EAFF05CA2E5B58365A58B4B30E0BEAFF5329742056B42EC43C5B2.html,"div id=""respond",Rifles
"Browning BPS 20ga, engraved reciever",sapps,No ad details found.,"   Guns for Sale    Shotguns   Browning BPS 20ga, engraved reciever",Black Powder   Gun Parts and Accessories   Gun Storage   Guns for Sale   Gunsmithing Tools   Handgun Ammunition   Handgun Parts   Holsters   Laser Sights   Magazines   Misc   Night Vision   Optics   Part Kits   Pistols   Red Dot Sights   Reloading   Revolvers   Rifle Ammunition   Rifle Parts   Rifle Scopes   Rifles   Rimfire   Shotgun Parts,"Browning BPS 20ga, engraved with bords and scrol work on both sides[ Cabelas special order] as new , never fired. invector choke tubes. Beautiful gun", No ad details found.,4151115599732fc,"February 5, 2013 7:03 pm",,Click here to cancel reply.,209,"January 6, 2014",2015,650.00,"on February 5, 2013",FD6ACC882AB88465FFC2E7A8113C483F718438E3CF5BED81BC537EC3E15DC847.html,"div id=""respond",Shotguns
